{"textures":{"0":"modelengine:entity/queen_bee","particle":"#0"},"elements":[{"from":[14.549545,14.284826,3.25],"to":[15.549545,14.284826,10.25],"faces":{"up":{"uv":[12.625,15.125,12.75,14.25],"tintindex":0,"rotation":0,"texture":"#0"},"down":{"uv":[12.625,15.125,12.75,14.25],"tintindex":0,"rotation":0,"texture":"#0"}},"rotation":{"origin":[8.549545,13.284826,8.25],"angle":-45.0,"axis":"z"}},{"from":[2.5,11.4564,10.127973],"to":[13.5,11.4564,11.127973],"faces":{"up":{"uv":[15.75,0.625,14.375,0.5],"tintindex":0,"rotation":0,"texture":"#0"},"down":{"uv":[15.75,0.625,14.375,0.5],"tintindex":0,"rotation":0,"texture":"#0"}},"rotation":{"origin":[7.5,10.4564,8.127973],"angle":45.0,"axis":"x"}},{"from":[2.5,6.75,3.25],"to":[13.5,10.750002,10.25],"faces":{"east":{"uv":[4.25,13.25,5.125,13.75],"tintindex":0,"rotation":0,"texture":"#0"},"south":{"uv":[10.375,9.625,11.75,10.125],"tintindex":0,"rotation":0,"texture":"#0"},"north":{"uv":[9.625,10.375,11.0,10.875],"tintindex":0,"rotation":0,"texture":"#0"},"west":{"uv":[13.25,4.375,14.125,4.875],"tintindex":0,"rotation":0,"texture":"#0"},"up":{"uv":[10.375,8.625,9.0,7.75],"tintindex":0,"rotation":0,"texture":"#0"},"down":{"uv":[10.375,8.625,9.0,9.5],"tintindex":0,"rotation":0,"texture":"#0"}}},{"from":[0.4504547,14.284826,3.25],"to":[1.4504547,14.284826,10.25],"faces":{"up":{"uv":[12.75,15.125,12.625,14.25],"tintindex":0,"rotation":0,"texture":"#0"},"down":{"uv":[12.625,15.125,12.75,14.25],"tintindex":0,"rotation":0,"texture":"#0"}},"rotation":{"origin":[7.4504547,13.284826,8.25],"angle":45.0,"axis":"z"}}],"display":{"gui":{"rotation":[-150.0,-45.0,180.0]}},"gui_light":"front"}