{"textures":{"0":"modelengine:entity/queen_bee","particle":"#0"},"elements":[{"from":[6.8,-2.0915082,4.9523706],"to":[11.2,1.308492,8.35237],"faces":{"east":{"uv":[2.75,14.375,3.25,14.875],"tintindex":0,"rotation":0,"texture":"#0"},"south":{"uv":[14.25,9.875,14.875,10.375],"tintindex":0,"rotation":0,"texture":"#0"},"north":{"uv":[14.25,9.375,14.875,9.875],"tintindex":0,"rotation":0,"texture":"#0"},"west":{"uv":[3.25,14.375,3.75,14.875],"tintindex":0,"rotation":0,"texture":"#0"},"up":{"uv":[14.875,10.875,14.25,10.375],"tintindex":0,"rotation":0,"texture":"#0"},"down":{"uv":[11.875,14.25,11.25,14.75],"tintindex":0,"rotation":0,"texture":"#0"}},"rotation":{"origin":[9.0,0.6084919,7.1523705],"angle":-45.0,"axis":"x"}},{"from":[6.55,-0.4521677,4.9982076],"to":[11.45,9.447831,9.898208],"faces":{"east":{"uv":[10.25,2.125,10.875,3.375],"tintindex":0,"rotation":0,"texture":"#0"},"south":{"uv":[10.25,3.375,10.875,4.625],"tintindex":0,"rotation":0,"texture":"#0"},"north":{"uv":[10.25,0.875,10.875,2.125],"tintindex":0,"rotation":0,"texture":"#0"},"west":{"uv":[10.375,4.625,11.0,5.875],"tintindex":0,"rotation":0,"texture":"#0"},"up":{"uv":[14.375,2.625,13.75,2.0],"tintindex":0,"rotation":0,"texture":"#0"},"down":{"uv":[14.375,2.625,13.75,3.25],"tintindex":0,"rotation":0,"texture":"#0"}}},{"from":[6.3,-0.7021677,4.7482076],"to":[11.7,9.697831,10.148208],"faces":{"east":{"uv":[10.375,7.125,11.0,8.375],"tintindex":0,"rotation":0,"texture":"#0"},"south":{"uv":[11.0,5.875,10.375,7.125],"tintindex":0,"rotation":0,"texture":"#0"},"north":{"uv":[10.375,5.875,11.0,7.125],"tintindex":0,"rotation":0,"texture":"#0"},"west":{"uv":[9.0,10.375,9.625,11.625],"tintindex":0,"rotation":0,"texture":"#0"},"up":{"uv":[4.875,14.375,4.25,13.75],"tintindex":0,"rotation":0,"texture":"#0"},"down":{"uv":[14.375,4.875,13.75,5.5],"tintindex":0,"rotation":0,"texture":"#0"}}}],"display":{"gui":{"rotation":[-150.0,-45.0,180.0]}},"gui_light":"front"}