{"textures":{"0":"modelengine:entity/queen_bee","particle":"#0"},"elements":[{"from":[5.6412005,2.2173615,4.4159613],"to":[10.141201,7.7173615,9.915961],"faces":{"east":{"uv":[14.375,1.375,13.75,2.0],"tintindex":0,"rotation":0,"texture":"#0"},"south":{"uv":[14.625,11.625,14.125,12.25],"tintindex":0,"rotation":0,"texture":"#0"},"north":{"uv":[14.625,11.0,14.125,11.625],"tintindex":0,"rotation":0,"texture":"#0"},"west":{"uv":[14.375,0.0,13.75,0.625],"tintindex":0,"rotation":0,"texture":"#0"},"up":{"uv":[14.125,12.875,14.625,12.25],"tintindex":0,"rotation":0,"texture":"#0"},"down":{"uv":[14.25,0.625,14.75,1.25],"tintindex":0,"rotation":0,"texture":"#0"}},"rotation":{"origin":[8.891201,5.4673615,6.6659613],"angle":-45.0,"axis":"x"}},{"from":[5.8912005,2.4673615,4.6659613],"to":[9.891201,7.4673615,9.665961],"faces":{"east":{"uv":[14.25,0.75,13.625,1.375],"tintindex":0,"rotation":0,"texture":"#0"},"south":{"uv":[14.625,7.5,14.125,8.125],"tintindex":0,"rotation":0,"texture":"#0"},"north":{"uv":[7.625,14.125,7.125,14.75],"tintindex":0,"rotation":0,"texture":"#0"},"west":{"uv":[14.125,12.25,13.5,12.875],"tintindex":0,"rotation":0,"texture":"#0"},"up":{"uv":[14.125,8.75,14.625,8.125],"tintindex":0,"rotation":0,"texture":"#0"},"down":{"uv":[14.125,8.75,14.625,9.375],"tintindex":0,"rotation":0,"texture":"#0"}},"rotation":{"origin":[8.891201,5.4673615,6.6659613],"angle":-45.0,"axis":"x"}}],"display":{"gui":{"rotation":[-150.0,-45.0,180.0]}},"gui_light":"front"}