{"textures":{"0":"modelengine:entity/queen_bee","particle":"#0"},"elements":[{"from":[6.05,2.4325993,7.123223],"to":[9.95,9.3326,11.023223],"faces":{"east":{"uv":[6.125,13.25,6.625,14.125],"tintindex":0,"rotation":0,"texture":"#0"},"south":{"uv":[6.625,13.25,7.125,14.125],"tintindex":0,"rotation":0,"texture":"#0"},"north":{"uv":[5.625,13.25,6.125,14.125],"tintindex":0,"rotation":0,"texture":"#0"},"west":{"uv":[7.125,13.25,7.625,14.125],"tintindex":0,"rotation":0,"texture":"#0"},"up":{"uv":[4.75,14.875,4.25,14.375],"tintindex":0,"rotation":0,"texture":"#0"},"down":{"uv":[14.875,4.625,14.375,5.125],"tintindex":0,"rotation":0,"texture":"#0"}}},{"from":[6.55,-4.4674006,7.123223],"to":[9.45,2.4325998,10.023223],"faces":{"east":{"uv":[5.25,14.125,5.625,15.0],"tintindex":0,"rotation":0,"texture":"#0"},"south":{"uv":[14.125,5.5,14.5,6.375],"tintindex":0,"rotation":0,"texture":"#0"},"north":{"uv":[4.875,14.125,5.25,15.0],"tintindex":0,"rotation":0,"texture":"#0"},"west":{"uv":[5.625,14.125,6.0,15.0],"tintindex":0,"rotation":0,"texture":"#0"},"up":{"uv":[15.0,7.25,14.625,6.875],"tintindex":0,"rotation":0,"texture":"#0"},"down":{"uv":[15.0,7.25,14.625,7.625],"tintindex":0,"rotation":0,"texture":"#0"}}},{"from":[6.575,-0.48467523,7.89259],"to":[9.425,3.3653243,9.74259],"faces":{"east":{"uv":[12.5,10.375,12.75,10.875],"tintindex":0,"rotation":0,"texture":"#0"},"south":{"uv":[14.25,14.5,14.625,15.0],"tintindex":0,"rotation":0,"texture":"#0"},"north":{"uv":[14.5,13.375,14.875,13.875],"tintindex":0,"rotation":0,"texture":"#0"},"west":{"uv":[12.5,13.125,12.75,13.625],"tintindex":0,"rotation":0,"texture":"#0"},"up":{"uv":[15.0,12.25,14.625,12.0],"tintindex":0,"rotation":0,"texture":"#0"},"down":{"uv":[15.0,12.25,14.625,12.5],"tintindex":0,"rotation":0,"texture":"#0"}},"rotation":{"origin":[8.0,-0.059675217,8.31759],"angle":22.5,"axis":"x"}}],"display":{"gui":{"rotation":[-150.0,-45.0,180.0]}},"gui_light":"front"}