{"textures":{"0":"modelengine:entity/queen_bee","particle":"#0"},"elements":[{"from":[2.8785534,2.9988084,6.879089],"to":[6.828553,6.948808,11.829089],"faces":{"east":{"uv":[6.0,14.125,6.625,14.625],"tintindex":0,"rotation":0,"texture":"#0"},"south":{"uv":[14.375,0.0,14.875,0.5],"tintindex":0,"rotation":0,"texture":"#0"},"north":{"uv":[8.5,13.25,9.0,13.75],"tintindex":0,"rotation":0,"texture":"#0"},"west":{"uv":[14.125,6.375,14.75,6.875],"tintindex":0,"rotation":0,"texture":"#0"},"up":{"uv":[7.125,14.75,6.625,14.125],"tintindex":0,"rotation":0,"texture":"#0"},"down":{"uv":[14.625,6.875,14.125,7.5],"tintindex":0,"rotation":0,"texture":"#0"}},"rotation":{"origin":[5.3535533,4.9738083,9.354089],"angle":-45.0,"axis":"z"}},{"from":[5.0,2.0468388,7.4291544],"to":[11.0,6.0468388,11.429154],"faces":{"east":{"uv":[14.375,1.25,14.875,1.75],"tintindex":0,"rotation":0,"texture":"#0"},"south":{"uv":[12.875,13.75,13.625,14.25],"tintindex":0,"rotation":0,"texture":"#0"},"north":{"uv":[12.0,13.75,12.75,14.25],"tintindex":0,"rotation":0,"texture":"#0"},"west":{"uv":[14.375,1.75,14.875,2.25],"tintindex":0,"rotation":0,"texture":"#0"},"up":{"uv":[14.5,13.375,13.75,12.875],"tintindex":0,"rotation":0,"texture":"#0"},"down":{"uv":[14.5,13.375,13.75,13.875],"tintindex":0,"rotation":0,"texture":"#0"}},"rotation":{"origin":[8.0,4.0468388,9.929154],"angle":22.5,"axis":"x"}},{"from":[5.0,3.1557884,6.854089],"to":[11.0,8.155788,11.854089],"faces":{"east":{"uv":[13.5,11.0,14.125,11.625],"tintindex":0,"rotation":0,"texture":"#0"},"south":{"uv":[11.0,13.125,11.75,13.75],"tintindex":0,"rotation":0,"texture":"#0"},"north":{"uv":[10.25,13.125,11.0,13.75],"tintindex":0,"rotation":0,"texture":"#0"},"west":{"uv":[13.5,11.625,14.125,12.25],"tintindex":0,"rotation":0,"texture":"#0"},"up":{"uv":[12.5,13.75,11.75,13.125],"tintindex":0,"rotation":0,"texture":"#0"},"down":{"uv":[0.75,13.25,0.0,13.875],"tintindex":0,"rotation":0,"texture":"#0"}}},{"from":[9.171446,2.9988084,6.879089],"to":[13.121447,6.948808,11.829089],"faces":{"east":{"uv":[14.75,6.375,14.125,6.875],"tintindex":0,"rotation":0,"texture":"#0"},"south":{"uv":[14.875,0.0,14.375,0.5],"tintindex":0,"rotation":0,"texture":"#0"},"north":{"uv":[9.0,13.25,8.5,13.75],"tintindex":0,"rotation":0,"texture":"#0"},"west":{"uv":[6.625,14.125,6.0,14.625],"tintindex":0,"rotation":0,"texture":"#0"},"up":{"uv":[6.625,14.75,7.125,14.125],"tintindex":0,"rotation":0,"texture":"#0"},"down":{"uv":[14.125,6.875,14.625,7.5],"tintindex":0,"rotation":0,"texture":"#0"}},"rotation":{"origin":[10.646446,4.9738083,9.354089],"angle":45.0,"axis":"z"}}],"display":{"gui":{"rotation":[-150.0,-45.0,180.0]}},"gui_light":"front"}