{"textures":{"0":"modelengine:entity/lrd_direwolf","particle":"#0"},"elements":[{"from":[3.0441236,6.5,8.505516],"to":[11.044124,9.5,8.505516],"faces":{"south":{"uv":[4.1875,13.3125,4.6875,13.5],"tintindex":0,"rotation":0,"texture":"#0"},"north":{"uv":[11.75,4.5,12.25,4.6875],"tintindex":0,"rotation":0,"texture":"#0"}},"rotation":{"origin":[9.044124,11.5,10.705513],"angle":-22.5,"axis":"y"}},{"from":[-6.511697,6.5,8.505516],"to":[1.4883032,9.5,8.505516],"faces":{"south":{"uv":[13.3125,7.25,13.8125,7.4375],"tintindex":0,"rotation":0,"texture":"#0"},"north":{"uv":[13.3125,5.875,13.8125,6.0625],"tintindex":0,"rotation":0,"texture":"#0"}},"rotation":{"origin":[-4.511697,11.5,10.705513],"angle":22.5,"axis":"y"}}],"display":{"gui":{"rotation":[-150.0,-45.0,180.0]}},"gui_light":"front"}