{"textures":{"0":"modelengine:entity/lrd_direwolf","particle":"#0"},"elements":[{"from":[3.5,-4.1660385,18.387922],"to":[3.5,14.8339615,26.387922],"faces":{"east":{"uv":[9.0625,10.8125,9.5625,12.0],"tintindex":0,"rotation":0,"texture":"#0"},"west":{"uv":[2.125,10.875,2.625,12.0625],"tintindex":0,"rotation":0,"texture":"#0"}}},{"from":[3.5,-4.1660385,1.3879223],"to":[12.5,14.8339615,18.387922],"faces":{"east":{"uv":[3.875,6.6875,4.9375,7.875],"tintindex":0,"rotation":0,"texture":"#0"},"south":{"uv":[5.375,10.125,5.9375,11.3125],"tintindex":0,"rotation":0,"texture":"#0"},"north":{"uv":[10.0625,3.4375,10.625,4.625],"tintindex":0,"rotation":0,"texture":"#0"},"west":{"uv":[4.9375,6.6875,6.0,7.875],"tintindex":0,"rotation":0,"texture":"#0"},"up":{"uv":[11.3125,2.0,10.75,0.9375],"tintindex":0,"rotation":0,"texture":"#0"},"down":{"uv":[7.375,10.75,6.8125,11.8125],"tintindex":0,"rotation":0,"texture":"#0"}}},{"from":[4.5,-12.872019,8.920736],"to":[11.5,-1.8720188,18.920738],"faces":{"east":{"uv":[5.625,4.375,6.25,5.0625],"tintindex":0,"rotation":0,"texture":"#0"},"south":{"uv":[5.75,12.125,6.1875,12.8125],"tintindex":0,"rotation":0,"texture":"#0"},"north":{"uv":[0.625,12.125,1.0625,12.8125],"tintindex":0,"rotation":0,"texture":"#0"},"west":{"uv":[11.3125,11.375,11.9375,12.0625],"tintindex":0,"rotation":0,"texture":"#0"},"up":{"uv":[4.3125,12.9375,3.875,12.3125],"tintindex":0,"rotation":0,"texture":"#0"},"down":{"uv":[12.75,7.0625,12.3125,7.6875],"tintindex":0,"rotation":0,"texture":"#0"}},"rotation":{"origin":[8.0,-6.872019,13.920737],"angle":-22.5,"axis":"x"}}],"display":{"gui":{"rotation":[-150.0,-45.0,180.0]}},"gui_light":"front"}