{"textures":{"0":"modelengine:entity/lrd_direwolf","particle":"#0"},"elements":[{"from":[4.5,-12.872019,8.920736],"to":[11.5,-1.8720188,18.920738],"faces":{"east":{"uv":[8.0,11.5625,8.625,12.25],"tintindex":0,"rotation":0,"texture":"#0"},"south":{"uv":[12.125,9.0,12.5625,9.6875],"tintindex":0,"rotation":0,"texture":"#0"},"north":{"uv":[6.1875,12.125,6.625,12.8125],"tintindex":0,"rotation":0,"texture":"#0"},"west":{"uv":[11.6875,7.0625,12.3125,7.75],"tintindex":0,"rotation":0,"texture":"#0"},"up":{"uv":[0.4375,13.0,0.0,12.375],"tintindex":0,"rotation":0,"texture":"#0"},"down":{"uv":[12.8125,0.75,12.375,1.375],"tintindex":0,"rotation":0,"texture":"#0"}},"rotation":{"origin":[8.0,-6.872019,13.920737],"angle":-22.5,"axis":"x"}},{"from":[3.5,-4.1660385,1.3879223],"to":[12.5,14.8339615,18.387922],"faces":{"east":{"uv":[7.0625,0.0,8.125,1.1875],"tintindex":0,"rotation":0,"texture":"#0"},"south":{"uv":[10.1875,6.8125,10.75,8.0],"tintindex":0,"rotation":0,"texture":"#0"},"north":{"uv":[10.1875,0.9375,10.75,2.125],"tintindex":0,"rotation":0,"texture":"#0"},"west":{"uv":[6.0,7.0625,7.0625,8.25],"tintindex":0,"rotation":0,"texture":"#0"},"up":{"uv":[11.3125,7.875,10.75,6.8125],"tintindex":0,"rotation":0,"texture":"#0"},"down":{"uv":[11.3125,9.0,10.75,10.0625],"tintindex":0,"rotation":0,"texture":"#0"}}},{"from":[12.5,-4.1660385,18.387922],"to":[12.5,14.8339615,26.387922],"faces":{"east":{"uv":[2.625,10.875,3.125,12.0625],"tintindex":0,"rotation":0,"texture":"#0"},"west":{"uv":[3.125,10.875,3.625,12.0625],"tintindex":0,"rotation":0,"texture":"#0"}}}],"display":{"gui":{"rotation":[-150.0,-45.0,180.0]}},"gui_light":"front"}