{"textures":{"0":"modelengine:entity/queen_bee_egg","particle":"#0"},"elements":[{"from":[5.1052346,2.1682,7.8695154],"to":[10.894766,5.370231,13.012172],"faces":{"east":{"uv":[3.625,13.375,4.375,13.875],"tintindex":0,"rotation":0,"texture":"#0"},"south":{"uv":[6.0,13.25,6.875,13.75],"tintindex":0,"rotation":0,"texture":"#0"},"north":{"uv":[7.0,13.125,7.875,13.625],"tintindex":0,"rotation":0,"texture":"#0"},"west":{"uv":[4.375,13.375,5.125,13.875],"tintindex":0,"rotation":0,"texture":"#0"},"up":{"uv":[13.5,0.75,12.625,0.0],"tintindex":0,"rotation":0,"texture":"#0"},"down":{"uv":[13.5,0.75,12.625,1.5],"tintindex":0,"rotation":0,"texture":"#0"}},"rotation":{"origin":[8.0,4.4757338,11.258991],"angle":-22.5,"axis":"x"}},{"from":[5.0890627,4.0137978,7.764085],"to":[10.910937,7.2481728,13.58596],"faces":{"east":{"uv":[14.0,6.625,13.125,7.125],"tintindex":0,"rotation":0,"texture":"#0"},"south":{"uv":[13.125,6.125,14.0,6.625],"tintindex":0,"rotation":0,"texture":"#0"},"north":{"uv":[10.875,5.0,11.75,5.5],"tintindex":0,"rotation":0,"texture":"#0"},"west":{"uv":[13.125,6.625,14.0,7.125],"tintindex":0,"rotation":0,"texture":"#0"},"up":{"uv":[13.125,7.0,12.25,6.125],"tintindex":0,"rotation":0,"texture":"#0"},"down":{"uv":[7.875,12.25,7.0,13.125],"tintindex":0,"rotation":0,"texture":"#0"}}}],"display":{"gui":{"rotation":[-150.0,-45.0,180.0]}},"gui_light":"front"}